CustomerID,Name,Age,Gender,City,Email
1,Customer_1,56,Male,Chennai,customer1@example.com
2,Customer_2,69,Male,Mumbai,customer2@example.com
3,Customer_3,46,Male,Hyderabad,customer3@example.com
4,Customer_4,32,Female,Hyderabad,customer4@example.com
5,Customer_5,60,Male,Delhi,customer5@example.com
6,Customer_6,25,Male,Mumbai,customer6@example.com
7,Customer_7,38,Male,Delhi,customer7@example.com
8,Customer_8,56,Female,Mumbai,customer8@example.com
9,Customer_9,36,Female,Delhi,customer9@example.com
10,Customer_10,40,Male,Hyderabad,customer10@example.com
11,Customer_11,28,Male,Hyderabad,customer11@example.com
12,Customer_12,28,Male,Chennai,customer12@example.com
13,Customer_13,41,Male,Delhi,customer13@example.com
14,Customer_14,53,Female,Bangalore,customer14@example.com
15,Customer_15,57,Female,Chennai,customer15@example.com
16,Customer_16,41,Female,Delhi,customer16@example.com
17,Customer_17,20,Female,Delhi,customer17@example.com
18,Customer_18,39,Male,Chennai,customer18@example.com
19,Customer_19,19,Male,Hyderabad,customer19@example.com
20,Customer_20,41,Male,Delhi,customer20@example.com
21,Customer_21,61,Female,Hyderabad,customer21@example.com
22,Customer_22,47,Male,Chennai,customer22@example.com
23,Customer_23,55,Female,Hyderabad,customer23@example.com
24,Customer_24,19,Female,Mumbai,customer24@example.com
25,Customer_25,38,Male,Bangalore,customer25@example.com
26,Customer_26,50,Male,Delhi,customer26@example.com
27,Customer_27,29,Male,Bangalore,customer27@example.com
28,Customer_28,39,Female,Hyderabad,customer28@example.com
29,Customer_29,61,Male,Delhi,customer29@example.com
30,Customer_30,42,Female,Hyderabad,customer30@example.com
31,Customer_31,66,Male,Mumbai,customer31@example.com
32,Customer_32,44,Female,Chennai,customer32@example.com
33,Customer_33,59,Female,Delhi,customer33@example.com
34,Customer_34,45,Male,Mumbai,customer34@example.com
35,Customer_35,33,Female,Mumbai,customer35@example.com
36,Customer_36,32,Female,Delhi,customer36@example.com
37,Customer_37,64,Male,Hyderabad,customer37@example.com
38,Customer_38,68,Female,Mumbai,customer38@example.com
39,Customer_39,61,Male,Bangalore,customer39@example.com
40,Customer_40,69,Female,Mumbai,customer40@example.com
41,Customer_41,20,Male,Hyderabad,customer41@example.com
42,Customer_42,54,Male,Hyderabad,customer42@example.com
43,Customer_43,68,Female,Bangalore,customer43@example.com
44,Customer_44,24,Female,Mumbai,customer44@example.com
45,Customer_45,38,Female,Hyderabad,customer45@example.com
46,Customer_46,26,Female,Delhi,customer46@example.com
47,Customer_47,56,Female,Chennai,customer47@example.com
48,Customer_48,35,Male,Chennai,customer48@example.com
49,Customer_49,21,Female,Chennai,customer49@example.com
50,Customer_50,42,Male,Mumbai,customer50@example.com
51,Customer_51,31,Male,Bangalore,customer51@example.com
52,Customer_52,67,Female,Hyderabad,customer52@example.com
53,Customer_53,26,Male,Delhi,customer53@example.com
54,Customer_54,43,Male,Delhi,customer54@example.com
55,Customer_55,19,Male,Mumbai,customer55@example.com
56,Customer_56,37,Male,Chennai,customer56@example.com
57,Customer_57,45,Female,Mumbai,customer57@example.com
58,Customer_58,64,Male,Bangalore,customer58@example.com
59,Customer_59,24,Female,Bangalore,customer59@example.com
60,Customer_60,61,Female,Hyderabad,customer60@example.com
61,Customer_61,25,Male,Hyderabad,customer61@example.com
62,Customer_62,64,Female,Bangalore,customer62@example.com
63,Customer_63,52,Female,Bangalore,customer63@example.com
64,Customer_64,31,Female,Bangalore,customer64@example.com
65,Customer_65,34,Male,Mumbai,customer65@example.com
66,Customer_66,53,Female,Bangalore,customer66@example.com
67,Customer_67,67,Female,Delhi,customer67@example.com
68,Customer_68,57,Female,Chennai,customer68@example.com
69,Customer_69,21,Male,Bangalore,customer69@example.com
70,Customer_70,19,Female,Chennai,customer70@example.com
71,Customer_71,23,Male,Mumbai,customer71@example.com
72,Customer_72,59,Male,Chennai,customer72@example.com
73,Customer_73,21,Male,Mumbai,customer73@example.com
74,Customer_74,46,Male,Delhi,customer74@example.com
75,Customer_75,35,Male,Mumbai,customer75@example.com
76,Customer_76,43,Male,Mumbai,customer76@example.com
77,Customer_77,61,Female,Hyderabad,customer77@example.com
78,Customer_78,51,Male,Bangalore,customer78@example.com
79,Customer_79,27,Female,Bangalore,customer79@example.com
80,Customer_80,53,Female,Delhi,customer80@example.com
81,Customer_81,31,Male,Delhi,customer81@example.com
82,Customer_82,48,Female,Bangalore,customer82@example.com
83,Customer_83,65,Female,Hyderabad,customer83@example.com
84,Customer_84,32,Female,Bangalore,customer84@example.com
85,Customer_85,25,Female,Hyderabad,customer85@example.com
86,Customer_86,31,Male,Delhi,customer86@example.com
87,Customer_87,40,Female,Chennai,customer87@example.com
88,Customer_88,57,Male,Delhi,customer88@example.com
89,Customer_89,38,Female,Delhi,customer89@example.com
90,Customer_90,33,Female,Mumbai,customer90@example.com
91,Customer_91,62,Male,Mumbai,customer91@example.com
92,Customer_92,35,Female,Mumbai,customer92@example.com
93,Customer_93,64,Female,Mumbai,customer93@example.com
94,Customer_94,41,Female,Hyderabad,customer94@example.com
95,Customer_95,43,Male,Bangalore,customer95@example.com
96,Customer_96,42,Female,Chennai,customer96@example.com
97,Customer_97,62,Male,Delhi,customer97@example.com
98,Customer_98,58,Female,Hyderabad,customer98@example.com
99,Customer_99,46,Male,Chennai,customer99@example.com
100,Customer_100,32,Male,Hyderabad,customer100@example.com
101,Customer_101,62,Female,Hyderabad,customer101@example.com
102,Customer_102,18,Female,Delhi,customer102@example.com
103,Customer_103,42,Male,Bangalore,customer103@example.com
104,Customer_104,24,Male,Mumbai,customer104@example.com
105,Customer_105,26,Female,Bangalore,customer105@example.com
106,Customer_106,41,Male,Delhi,customer106@example.com
107,Customer_107,18,Female,Delhi,customer107@example.com
108,Customer_108,61,Female,Delhi,customer108@example.com
109,Customer_109,25,Female,Chennai,customer109@example.com
110,Customer_110,41,Female,Bangalore,customer110@example.com
111,Customer_111,28,Male,Bangalore,customer111@example.com
112,Customer_112,68,Female,Hyderabad,customer112@example.com
113,Customer_113,34,Male,Hyderabad,customer113@example.com
114,Customer_114,25,Female,Hyderabad,customer114@example.com
115,Customer_115,52,Male,Delhi,customer115@example.com
116,Customer_116,52,Female,Bangalore,customer116@example.com
117,Customer_117,50,Male,Delhi,customer117@example.com
118,Customer_118,22,Male,Chennai,customer118@example.com
119,Customer_119,59,Female,Hyderabad,customer119@example.com
120,Customer_120,56,Female,Delhi,customer120@example.com
121,Customer_121,58,Female,Delhi,customer121@example.com
122,Customer_122,45,Female,Chennai,customer122@example.com
123,Customer_123,24,Male,Mumbai,customer123@example.com
124,Customer_124,26,Female,Bangalore,customer124@example.com
125,Customer_125,25,Male,Mumbai,customer125@example.com
126,Customer_126,29,Male,Hyderabad,customer126@example.com
127,Customer_127,51,Female,Delhi,customer127@example.com
128,Customer_128,50,Male,Chennai,customer128@example.com
129,Customer_129,65,Male,Chennai,customer129@example.com
130,Customer_130,40,Male,Bangalore,customer130@example.com
131,Customer_131,41,Male,Mumbai,customer131@example.com
132,Customer_132,54,Female,Bangalore,customer132@example.com
133,Customer_133,52,Female,Delhi,customer133@example.com
134,Customer_134,61,Female,Bangalore,customer134@example.com
135,Customer_135,57,Female,Chennai,customer135@example.com
136,Customer_136,39,Male,Chennai,customer136@example.com
137,Customer_137,44,Male,Hyderabad,customer137@example.com
138,Customer_138,52,Female,Hyderabad,customer138@example.com
139,Customer_139,18,Female,Delhi,customer139@example.com
140,Customer_140,52,Female,Mumbai,customer140@example.com
141,Customer_141,54,Male,Bangalore,customer141@example.com
142,Customer_142,64,Female,Delhi,customer142@example.com
143,Customer_143,31,Female,Hyderabad,customer143@example.com
144,Customer_144,20,Female,Bangalore,customer144@example.com
145,Customer_145,18,Male,Hyderabad,customer145@example.com
146,Customer_146,22,Male,Bangalore,customer146@example.com
147,Customer_147,43,Male,Mumbai,customer147@example.com
148,Customer_148,31,Male,Delhi,customer148@example.com
149,Customer_149,56,Male,Bangalore,customer149@example.com
150,Customer_150,44,Male,Chennai,customer150@example.com
151,Customer_151,26,Male,Chennai,customer151@example.com
152,Customer_152,32,Male,Bangalore,customer152@example.com
153,Customer_153,32,Female,Bangalore,customer153@example.com
154,Customer_154,43,Female,Bangalore,customer154@example.com
155,Customer_155,59,Male,Chennai,customer155@example.com
156,Customer_156,30,Male,Chennai,customer156@example.com
157,Customer_157,68,Female,Bangalore,customer157@example.com
158,Customer_158,49,Male,Hyderabad,customer158@example.com
159,Customer_159,56,Male,Hyderabad,customer159@example.com
160,Customer_160,66,Male,Mumbai,customer160@example.com
161,Customer_161,69,Female,Delhi,customer161@example.com
162,Customer_162,49,Female,Hyderabad,customer162@example.com
163,Customer_163,21,Female,Chennai,customer163@example.com
164,Customer_164,47,Female,Hyderabad,customer164@example.com
165,Customer_165,54,Female,Mumbai,customer165@example.com
166,Customer_166,40,Male,Mumbai,customer166@example.com
167,Customer_167,56,Female,Delhi,customer167@example.com
168,Customer_168,62,Male,Hyderabad,customer168@example.com
169,Customer_169,32,Male,Chennai,customer169@example.com
170,Customer_170,60,Female,Chennai,customer170@example.com
171,Customer_171,46,Female,Bangalore,customer171@example.com
172,Customer_172,53,Male,Chennai,customer172@example.com
173,Customer_173,30,Male,Delhi,customer173@example.com
174,Customer_174,49,Male,Delhi,customer174@example.com
175,Customer_175,24,Female,Chennai,customer175@example.com
176,Customer_176,68,Female,Chennai,customer176@example.com
177,Customer_177,39,Female,Bangalore,customer177@example.com
178,Customer_178,45,Female,Chennai,customer178@example.com
179,Customer_179,19,Female,Bangalore,customer179@example.com
180,Customer_180,59,Male,Bangalore,customer180@example.com
181,Customer_181,62,Female,Chennai,customer181@example.com
182,Customer_182,23,Male,Mumbai,customer182@example.com
183,Customer_183,45,Male,Mumbai,customer183@example.com
184,Customer_184,45,Male,Bangalore,customer184@example.com
185,Customer_185,61,Female,Chennai,customer185@example.com
186,Customer_186,61,Female,Mumbai,customer186@example.com
187,Customer_187,37,Female,Chennai,customer187@example.com
188,Customer_188,47,Male,Chennai,customer188@example.com
189,Customer_189,28,Male,Chennai,customer189@example.com
190,Customer_190,45,Male,Hyderabad,customer190@example.com
191,Customer_191,42,Male,Chennai,customer191@example.com
192,Customer_192,56,Male,Hyderabad,customer192@example.com
193,Customer_193,50,Male,Bangalore,customer193@example.com
194,Customer_194,18,Female,Mumbai,customer194@example.com
195,Customer_195,44,Female,Mumbai,customer195@example.com
196,Customer_196,69,Female,Mumbai,customer196@example.com
197,Customer_197,30,Female,Mumbai,customer197@example.com
198,Customer_198,58,Male,Mumbai,customer198@example.com
199,Customer_199,20,Male,Mumbai,customer199@example.com
200,Customer_200,56,Female,Mumbai,customer200@example.com
201,Customer_201,23,Male,Bangalore,customer201@example.com
202,Customer_202,25,Female,Chennai,customer202@example.com
203,Customer_203,44,Female,Delhi,customer203@example.com
204,Customer_204,26,Female,Hyderabad,customer204@example.com
205,Customer_205,54,Male,Delhi,customer205@example.com
206,Customer_206,50,Female,Delhi,customer206@example.com
207,Customer_207,68,Female,Chennai,customer207@example.com
208,Customer_208,59,Female,Chennai,customer208@example.com
209,Customer_209,61,Male,Chennai,customer209@example.com
210,Customer_210,41,Male,Mumbai,customer210@example.com
211,Customer_211,32,Female,Bangalore,customer211@example.com
212,Customer_212,49,Male,Mumbai,customer212@example.com
213,Customer_213,49,Male,Bangalore,customer213@example.com
214,Customer_214,41,Male,Bangalore,customer214@example.com
215,Customer_215,58,Male,Delhi,customer215@example.com
216,Customer_216,69,Male,Delhi,customer216@example.com
217,Customer_217,66,Male,Bangalore,customer217@example.com
218,Customer_218,66,Male,Bangalore,customer218@example.com
219,Customer_219,69,Male,Mumbai,customer219@example.com
220,Customer_220,29,Male,Mumbai,customer220@example.com
221,Customer_221,56,Male,Delhi,customer221@example.com
222,Customer_222,19,Female,Chennai,customer222@example.com
223,Customer_223,20,Female,Bangalore,customer223@example.com
224,Customer_224,66,Male,Mumbai,customer224@example.com
225,Customer_225,54,Female,Delhi,customer225@example.com
226,Customer_226,66,Female,Mumbai,customer226@example.com
227,Customer_227,34,Male,Bangalore,customer227@example.com
228,Customer_228,66,Male,Bangalore,customer228@example.com
229,Customer_229,19,Male,Hyderabad,customer229@example.com
230,Customer_230,19,Female,Chennai,customer230@example.com
231,Customer_231,45,Female,Hyderabad,customer231@example.com
232,Customer_232,40,Male,Delhi,customer232@example.com
233,Customer_233,54,Male,Mumbai,customer233@example.com
234,Customer_234,49,Male,Delhi,customer234@example.com
235,Customer_235,50,Female,Bangalore,customer235@example.com
236,Customer_236,18,Female,Hyderabad,customer236@example.com
237,Customer_237,36,Female,Hyderabad,customer237@example.com
238,Customer_238,19,Female,Hyderabad,customer238@example.com
239,Customer_239,61,Male,Delhi,customer239@example.com
240,Customer_240,43,Male,Bangalore,customer240@example.com
241,Customer_241,49,Male,Mumbai,customer241@example.com
242,Customer_242,23,Male,Mumbai,customer242@example.com
243,Customer_243,49,Female,Delhi,customer243@example.com
244,Customer_244,21,Female,Hyderabad,customer244@example.com
245,Customer_245,28,Male,Chennai,customer245@example.com
246,Customer_246,34,Male,Delhi,customer246@example.com
247,Customer_247,55,Female,Delhi,customer247@example.com
248,Customer_248,41,Male,Bangalore,customer248@example.com
249,Customer_249,22,Female,Mumbai,customer249@example.com
250,Customer_250,69,Male,Delhi,customer250@example.com
251,Customer_251,51,Male,Delhi,customer251@example.com
252,Customer_252,23,Male,Hyderabad,customer252@example.com
253,Customer_253,39,Male,Hyderabad,customer253@example.com
254,Customer_254,28,Male,Chennai,customer254@example.com
255,Customer_255,65,Male,Bangalore,customer255@example.com
256,Customer_256,33,Male,Chennai,customer256@example.com
257,Customer_257,50,Female,Hyderabad,customer257@example.com
258,Customer_258,26,Female,Mumbai,customer258@example.com
259,Customer_259,23,Female,Hyderabad,customer259@example.com
260,Customer_260,33,Female,Bangalore,customer260@example.com
261,Customer_261,46,Female,Hyderabad,customer261@example.com
262,Customer_262,20,Male,Bangalore,customer262@example.com
263,Customer_263,37,Male,Bangalore,customer263@example.com
264,Customer_264,53,Female,Bangalore,customer264@example.com
265,Customer_265,36,Male,Bangalore,customer265@example.com
266,Customer_266,43,Female,Bangalore,customer266@example.com
267,Customer_267,20,Female,Mumbai,customer267@example.com
268,Customer_268,36,Male,Chennai,customer268@example.com
269,Customer_269,37,Male,Delhi,customer269@example.com
270,Customer_270,49,Male,Chennai,customer270@example.com
271,Customer_271,24,Female,Bangalore,customer271@example.com
272,Customer_272,69,Male,Mumbai,customer272@example.com
273,Customer_273,58,Female,Hyderabad,customer273@example.com
274,Customer_274,50,Female,Mumbai,customer274@example.com
275,Customer_275,57,Female,Bangalore,customer275@example.com
276,Customer_276,56,Male,Mumbai,customer276@example.com
277,Customer_277,35,Male,Mumbai,customer277@example.com
278,Customer_278,57,Female,Bangalore,customer278@example.com
279,Customer_279,18,Male,Mumbai,customer279@example.com
280,Customer_280,28,Male,Delhi,customer280@example.com
281,Customer_281,45,Male,Delhi,customer281@example.com
282,Customer_282,42,Female,Mumbai,customer282@example.com
283,Customer_283,67,Female,Hyderabad,customer283@example.com
284,Customer_284,40,Male,Bangalore,customer284@example.com
285,Customer_285,48,Female,Delhi,customer285@example.com
286,Customer_286,47,Male,Hyderabad,customer286@example.com
287,Customer_287,59,Male,Mumbai,customer287@example.com
288,Customer_288,52,Male,Hyderabad,customer288@example.com
289,Customer_289,24,Male,Chennai,customer289@example.com
290,Customer_290,33,Female,Delhi,customer290@example.com
291,Customer_291,43,Female,Mumbai,customer291@example.com
292,Customer_292,65,Female,Bangalore,customer292@example.com
293,Customer_293,69,Male,Mumbai,customer293@example.com
294,Customer_294,66,Male,Bangalore,customer294@example.com
295,Customer_295,19,Male,Mumbai,customer295@example.com
296,Customer_296,18,Female,Hyderabad,customer296@example.com
297,Customer_297,65,Male,Hyderabad,customer297@example.com
298,Customer_298,29,Female,Hyderabad,customer298@example.com
299,Customer_299,22,Female,Chennai,customer299@example.com
300,Customer_300,54,Female,Bangalore,customer300@example.com
301,Customer_301,49,Female,Hyderabad,customer301@example.com
302,Customer_302,26,Female,Chennai,customer302@example.com
303,Customer_303,58,Female,Bangalore,customer303@example.com
304,Customer_304,52,Male,Mumbai,customer304@example.com
305,Customer_305,36,Male,Chennai,customer305@example.com
306,Customer_306,65,Female,Delhi,customer306@example.com
307,Customer_307,33,Female,Chennai,customer307@example.com
308,Customer_308,20,Male,Chennai,customer308@example.com
309,Customer_309,37,Female,Bangalore,customer309@example.com
310,Customer_310,41,Female,Mumbai,customer310@example.com
311,Customer_311,50,Male,Delhi,customer311@example.com
312,Customer_312,41,Female,Hyderabad,customer312@example.com
313,Customer_313,69,Female,Hyderabad,customer313@example.com
314,Customer_314,28,Female,Chennai,customer314@example.com
315,Customer_315,66,Male,Bangalore,customer315@example.com
316,Customer_316,25,Male,Bangalore,customer316@example.com
317,Customer_317,53,Male,Hyderabad,customer317@example.com
318,Customer_318,55,Female,Delhi,customer318@example.com
319,Customer_319,57,Female,Mumbai,customer319@example.com
320,Customer_320,37,Male,Delhi,customer320@example.com
321,Customer_321,52,Female,Mumbai,customer321@example.com
322,Customer_322,65,Female,Hyderabad,customer322@example.com
323,Customer_323,42,Female,Mumbai,customer323@example.com
324,Customer_324,52,Female,Bangalore,customer324@example.com
325,Customer_325,42,Female,Chennai,customer325@example.com
326,Customer_326,46,Male,Chennai,customer326@example.com
327,Customer_327,35,Female,Hyderabad,customer327@example.com
328,Customer_328,63,Male,Bangalore,customer328@example.com
329,Customer_329,35,Female,Delhi,customer329@example.com
330,Customer_330,19,Male,Bangalore,customer330@example.com
331,Customer_331,52,Female,Chennai,customer331@example.com
332,Customer_332,33,Male,Chennai,customer332@example.com
333,Customer_333,58,Female,Bangalore,customer333@example.com
334,Customer_334,53,Male,Bangalore,customer334@example.com
335,Customer_335,50,Female,Chennai,customer335@example.com
336,Customer_336,21,Male,Delhi,customer336@example.com
337,Customer_337,50,Female,Hyderabad,customer337@example.com
338,Customer_338,31,Male,Hyderabad,customer338@example.com
339,Customer_339,38,Male,Bangalore,customer339@example.com
340,Customer_340,65,Female,Hyderabad,customer340@example.com
341,Customer_341,37,Female,Chennai,customer341@example.com
342,Customer_342,25,Male,Chennai,customer342@example.com
343,Customer_343,24,Female,Bangalore,customer343@example.com
344,Customer_344,20,Male,Bangalore,customer344@example.com
345,Customer_345,34,Male,Bangalore,customer345@example.com
346,Customer_346,50,Male,Delhi,customer346@example.com
347,Customer_347,65,Female,Hyderabad,customer347@example.com
348,Customer_348,29,Male,Bangalore,customer348@example.com
349,Customer_349,68,Male,Mumbai,customer349@example.com
350,Customer_350,39,Female,Mumbai,customer350@example.com
351,Customer_351,39,Female,Chennai,customer351@example.com
352,Customer_352,63,Female,Hyderabad,customer352@example.com
353,Customer_353,47,Female,Bangalore,customer353@example.com
354,Customer_354,55,Male,Mumbai,customer354@example.com
355,Customer_355,55,Male,Hyderabad,customer355@example.com
356,Customer_356,62,Male,Chennai,customer356@example.com
357,Customer_357,68,Male,Delhi,customer357@example.com
358,Customer_358,25,Female,Hyderabad,customer358@example.com
359,Customer_359,44,Male,Hyderabad,customer359@example.com
360,Customer_360,44,Male,Delhi,customer360@example.com
361,Customer_361,51,Female,Hyderabad,customer361@example.com
362,Customer_362,38,Male,Chennai,customer362@example.com
363,Customer_363,47,Male,Chennai,customer363@example.com
364,Customer_364,50,Male,Delhi,customer364@example.com
365,Customer_365,45,Male,Bangalore,customer365@example.com
366,Customer_366,64,Male,Mumbai,customer366@example.com
367,Customer_367,50,Male,Bangalore,customer367@example.com
368,Customer_368,22,Female,Hyderabad,customer368@example.com
369,Customer_369,65,Female,Mumbai,customer369@example.com
370,Customer_370,36,Male,Delhi,customer370@example.com
371,Customer_371,21,Male,Delhi,customer371@example.com
372,Customer_372,52,Female,Mumbai,customer372@example.com
373,Customer_373,66,Male,Chennai,customer373@example.com
374,Customer_374,34,Male,Mumbai,customer374@example.com
375,Customer_375,61,Male,Hyderabad,customer375@example.com
376,Customer_376,45,Female,Chennai,customer376@example.com
377,Customer_377,47,Male,Delhi,customer377@example.com
378,Customer_378,46,Female,Mumbai,customer378@example.com
379,Customer_379,63,Male,Bangalore,customer379@example.com
380,Customer_380,23,Female,Bangalore,customer380@example.com
381,Customer_381,52,Female,Hyderabad,customer381@example.com
382,Customer_382,58,Male,Bangalore,customer382@example.com
383,Customer_383,54,Female,Mumbai,customer383@example.com
384,Customer_384,41,Male,Mumbai,customer384@example.com
385,Customer_385,46,Female,Bangalore,customer385@example.com
386,Customer_386,66,Male,Mumbai,customer386@example.com
387,Customer_387,63,Male,Hyderabad,customer387@example.com
388,Customer_388,48,Female,Chennai,customer388@example.com
389,Customer_389,52,Male,Hyderabad,customer389@example.com
390,Customer_390,50,Male,Hyderabad,customer390@example.com
391,Customer_391,69,Female,Mumbai,customer391@example.com
392,Customer_392,38,Male,Chennai,customer392@example.com
393,Customer_393,49,Male,Mumbai,customer393@example.com
394,Customer_394,40,Female,Delhi,customer394@example.com
395,Customer_395,50,Female,Mumbai,customer395@example.com
396,Customer_396,20,Male,Mumbai,customer396@example.com
397,Customer_397,35,Male,Mumbai,customer397@example.com
398,Customer_398,42,Female,Chennai,customer398@example.com
399,Customer_399,59,Female,Mumbai,customer399@example.com
400,Customer_400,48,Male,Chennai,customer400@example.com
401,Customer_401,20,Female,Bangalore,customer401@example.com
402,Customer_402,57,Male,Delhi,customer402@example.com
403,Customer_403,63,Male,Chennai,customer403@example.com
404,Customer_404,41,Male,Bangalore,customer404@example.com
405,Customer_405,67,Male,Chennai,customer405@example.com
406,Customer_406,49,Male,Chennai,customer406@example.com
407,Customer_407,64,Female,Delhi,customer407@example.com
408,Customer_408,39,Female,Hyderabad,customer408@example.com
409,Customer_409,40,Female,Hyderabad,customer409@example.com
410,Customer_410,19,Female,Chennai,customer410@example.com
411,Customer_411,44,Male,Mumbai,customer411@example.com
412,Customer_412,59,Male,Bangalore,customer412@example.com
413,Customer_413,19,Male,Mumbai,customer413@example.com
414,Customer_414,43,Male,Mumbai,customer414@example.com
415,Customer_415,34,Female,Chennai,customer415@example.com
416,Customer_416,57,Male,Chennai,customer416@example.com
417,Customer_417,50,Male,Chennai,customer417@example.com
418,Customer_418,26,Female,Chennai,customer418@example.com
419,Customer_419,60,Female,Hyderabad,customer419@example.com
420,Customer_420,65,Female,Chennai,customer420@example.com
421,Customer_421,56,Female,Hyderabad,customer421@example.com
422,Customer_422,46,Male,Hyderabad,customer422@example.com
423,Customer_423,59,Male,Chennai,customer423@example.com
424,Customer_424,43,Female,Delhi,customer424@example.com
425,Customer_425,52,Male,Bangalore,customer425@example.com
426,Customer_426,67,Male,Mumbai,customer426@example.com
427,Customer_427,42,Male,Hyderabad,customer427@example.com
428,Customer_428,41,Female,Bangalore,customer428@example.com
429,Customer_429,30,Male,Delhi,customer429@example.com
430,Customer_430,24,Female,Mumbai,customer430@example.com
431,Customer_431,53,Male,Mumbai,customer431@example.com
432,Customer_432,62,Male,Hyderabad,customer432@example.com
433,Customer_433,37,Male,Chennai,customer433@example.com
434,Customer_434,18,Female,Delhi,customer434@example.com
435,Customer_435,25,Male,Hyderabad,customer435@example.com
436,Customer_436,63,Female,Delhi,customer436@example.com
437,Customer_437,33,Female,Chennai,customer437@example.com
438,Customer_438,31,Female,Chennai,customer438@example.com
439,Customer_439,29,Male,Hyderabad,customer439@example.com
440,Customer_440,68,Male,Chennai,customer440@example.com
441,Customer_441,40,Male,Bangalore,customer441@example.com
442,Customer_442,32,Male,Mumbai,customer442@example.com
443,Customer_443,45,Female,Hyderabad,customer443@example.com
444,Customer_444,51,Female,Delhi,customer444@example.com
445,Customer_445,19,Female,Bangalore,customer445@example.com
446,Customer_446,49,Male,Hyderabad,customer446@example.com
447,Customer_447,40,Female,Chennai,customer447@example.com
448,Customer_448,39,Male,Chennai,customer448@example.com
449,Customer_449,68,Female,Chennai,customer449@example.com
450,Customer_450,42,Male,Chennai,customer450@example.com
451,Customer_451,39,Male,Delhi,customer451@example.com
452,Customer_452,39,Female,Bangalore,customer452@example.com
453,Customer_453,66,Female,Mumbai,customer453@example.com
454,Customer_454,69,Female,Delhi,customer454@example.com
455,Customer_455,59,Female,Delhi,customer455@example.com
456,Customer_456,23,Male,Mumbai,customer456@example.com
457,Customer_457,32,Female,Mumbai,customer457@example.com
458,Customer_458,60,Female,Chennai,customer458@example.com
459,Customer_459,54,Female,Delhi,customer459@example.com
460,Customer_460,50,Male,Hyderabad,customer460@example.com
461,Customer_461,25,Male,Mumbai,customer461@example.com
462,Customer_462,61,Female,Mumbai,customer462@example.com
463,Customer_463,61,Male,Bangalore,customer463@example.com
464,Customer_464,22,Female,Hyderabad,customer464@example.com
465,Customer_465,56,Male,Hyderabad,customer465@example.com
466,Customer_466,21,Male,Mumbai,customer466@example.com
467,Customer_467,23,Male,Chennai,customer467@example.com
468,Customer_468,62,Male,Bangalore,customer468@example.com
469,Customer_469,49,Female,Hyderabad,customer469@example.com
470,Customer_470,69,Female,Mumbai,customer470@example.com
471,Customer_471,47,Female,Hyderabad,customer471@example.com
472,Customer_472,64,Male,Bangalore,customer472@example.com
473,Customer_473,52,Female,Bangalore,customer473@example.com
474,Customer_474,57,Female,Delhi,customer474@example.com
475,Customer_475,69,Female,Mumbai,customer475@example.com
476,Customer_476,33,Male,Bangalore,customer476@example.com
477,Customer_477,30,Male,Delhi,customer477@example.com
478,Customer_478,67,Male,Delhi,customer478@example.com
479,Customer_479,59,Female,Hyderabad,customer479@example.com
480,Customer_480,47,Female,Hyderabad,customer480@example.com
481,Customer_481,36,Female,Delhi,customer481@example.com
482,Customer_482,34,Male,Hyderabad,customer482@example.com
483,Customer_483,36,Male,Bangalore,customer483@example.com
484,Customer_484,45,Female,Chennai,customer484@example.com
485,Customer_485,43,Male,Bangalore,customer485@example.com
486,Customer_486,54,Male,Delhi,customer486@example.com
487,Customer_487,43,Male,Delhi,customer487@example.com
488,Customer_488,40,Male,Bangalore,customer488@example.com
489,Customer_489,26,Female,Hyderabad,customer489@example.com
490,Customer_490,29,Male,Hyderabad,customer490@example.com
491,Customer_491,18,Male,Delhi,customer491@example.com
492,Customer_492,18,Male,Mumbai,customer492@example.com
493,Customer_493,64,Male,Hyderabad,customer493@example.com
494,Customer_494,51,Female,Bangalore,customer494@example.com
495,Customer_495,49,Female,Hyderabad,customer495@example.com
496,Customer_496,65,Male,Bangalore,customer496@example.com
497,Customer_497,42,Male,Delhi,customer497@example.com
498,Customer_498,57,Male,Hyderabad,customer498@example.com
499,Customer_499,62,Male,Bangalore,customer499@example.com
500,Customer_500,18,Male,Delhi,customer500@example.com
501,Customer_501,33,Male,Mumbai,customer501@example.com
502,Customer_502,56,Female,Bangalore,customer502@example.com
503,Customer_503,22,Male,Mumbai,customer503@example.com
504,Customer_504,39,Female,Mumbai,customer504@example.com
505,Customer_505,46,Female,Chennai,customer505@example.com
506,Customer_506,20,Male,Hyderabad,customer506@example.com
507,Customer_507,29,Female,Bangalore,customer507@example.com
508,Customer_508,43,Female,Mumbai,customer508@example.com
509,Customer_509,33,Female,Chennai,customer509@example.com
510,Customer_510,68,Female,Delhi,customer510@example.com
511,Customer_511,54,Female,Bangalore,customer511@example.com
512,Customer_512,39,Female,Mumbai,customer512@example.com
513,Customer_513,46,Male,Hyderabad,customer513@example.com
514,Customer_514,31,Female,Chennai,customer514@example.com
515,Customer_515,45,Female,Mumbai,customer515@example.com
516,Customer_516,22,Female,Hyderabad,customer516@example.com
517,Customer_517,64,Male,Mumbai,customer517@example.com
518,Customer_518,66,Female,Bangalore,customer518@example.com
519,Customer_519,47,Male,Bangalore,customer519@example.com
520,Customer_520,63,Female,Bangalore,customer520@example.com
521,Customer_521,69,Male,Chennai,customer521@example.com
522,Customer_522,22,Male,Bangalore,customer522@example.com
523,Customer_523,29,Female,Hyderabad,customer523@example.com
524,Customer_524,33,Female,Mumbai,customer524@example.com
525,Customer_525,43,Male,Delhi,customer525@example.com
526,Customer_526,43,Female,Hyderabad,customer526@example.com
527,Customer_527,65,Male,Hyderabad,customer527@example.com
528,Customer_528,38,Male,Bangalore,customer528@example.com
529,Customer_529,56,Male,Chennai,customer529@example.com
530,Customer_530,53,Male,Mumbai,customer530@example.com
531,Customer_531,50,Male,Chennai,customer531@example.com
532,Customer_532,47,Female,Mumbai,customer532@example.com
533,Customer_533,54,Male,Mumbai,customer533@example.com
534,Customer_534,40,Male,Chennai,customer534@example.com
535,Customer_535,27,Female,Hyderabad,customer535@example.com
536,Customer_536,22,Male,Mumbai,customer536@example.com
537,Customer_537,53,Female,Chennai,customer537@example.com
538,Customer_538,51,Female,Mumbai,customer538@example.com
539,Customer_539,69,Female,Delhi,customer539@example.com
540,Customer_540,48,Male,Hyderabad,customer540@example.com
541,Customer_541,27,Male,Bangalore,customer541@example.com
542,Customer_542,36,Male,Mumbai,customer542@example.com
543,Customer_543,49,Female,Delhi,customer543@example.com
544,Customer_544,18,Male,Bangalore,customer544@example.com
545,Customer_545,22,Female,Bangalore,customer545@example.com
546,Customer_546,62,Male,Mumbai,customer546@example.com
547,Customer_547,21,Female,Chennai,customer547@example.com
548,Customer_548,33,Male,Mumbai,customer548@example.com
549,Customer_549,41,Male,Delhi,customer549@example.com
550,Customer_550,33,Male,Bangalore,customer550@example.com
551,Customer_551,19,Female,Mumbai,customer551@example.com
552,Customer_552,66,Female,Chennai,customer552@example.com
553,Customer_553,45,Male,Mumbai,customer553@example.com
554,Customer_554,49,Male,Hyderabad,customer554@example.com
555,Customer_555,44,Female,Chennai,customer555@example.com
556,Customer_556,37,Female,Delhi,customer556@example.com
557,Customer_557,41,Female,Bangalore,customer557@example.com
558,Customer_558,29,Male,Mumbai,customer558@example.com
559,Customer_559,67,Female,Chennai,customer559@example.com
560,Customer_560,52,Male,Hyderabad,customer560@example.com
561,Customer_561,50,Female,Chennai,customer561@example.com
562,Customer_562,50,Male,Hyderabad,customer562@example.com
563,Customer_563,68,Female,Delhi,customer563@example.com
564,Customer_564,60,Female,Bangalore,customer564@example.com
565,Customer_565,54,Female,Delhi,customer565@example.com
566,Customer_566,29,Female,Mumbai,customer566@example.com
567,Customer_567,20,Female,Chennai,customer567@example.com
568,Customer_568,18,Male,Hyderabad,customer568@example.com
569,Customer_569,50,Female,Hyderabad,customer569@example.com
570,Customer_570,57,Female,Chennai,customer570@example.com
571,Customer_571,27,Female,Chennai,customer571@example.com
572,Customer_572,60,Male,Mumbai,customer572@example.com
573,Customer_573,61,Female,Delhi,customer573@example.com
574,Customer_574,46,Male,Hyderabad,customer574@example.com
575,Customer_575,30,Female,Mumbai,customer575@example.com
576,Customer_576,29,Female,Delhi,customer576@example.com
577,Customer_577,48,Male,Mumbai,customer577@example.com
578,Customer_578,63,Female,Hyderabad,customer578@example.com
579,Customer_579,19,Male,Chennai,customer579@example.com
580,Customer_580,68,Male,Chennai,customer580@example.com
581,Customer_581,67,Female,Delhi,customer581@example.com
582,Customer_582,52,Male,Bangalore,customer582@example.com
583,Customer_583,40,Female,Delhi,customer583@example.com
584,Customer_584,34,Female,Bangalore,customer584@example.com
585,Customer_585,43,Male,Mumbai,customer585@example.com
586,Customer_586,25,Male,Mumbai,customer586@example.com
587,Customer_587,46,Male,Hyderabad,customer587@example.com
588,Customer_588,43,Male,Bangalore,customer588@example.com
589,Customer_589,27,Female,Hyderabad,customer589@example.com
590,Customer_590,43,Female,Chennai,customer590@example.com
591,Customer_591,51,Male,Bangalore,customer591@example.com
592,Customer_592,68,Female,Delhi,customer592@example.com
593,Customer_593,58,Female,Chennai,customer593@example.com
594,Customer_594,24,Female,Chennai,customer594@example.com
595,Customer_595,21,Female,Delhi,customer595@example.com
596,Customer_596,67,Male,Chennai,customer596@example.com
597,Customer_597,62,Male,Bangalore,customer597@example.com
598,Customer_598,28,Female,Hyderabad,customer598@example.com
599,Customer_599,46,Male,Chennai,customer599@example.com
600,Customer_600,53,Male,Bangalore,customer600@example.com
601,Customer_601,42,Male,Mumbai,customer601@example.com
602,Customer_602,38,Female,Bangalore,customer602@example.com
603,Customer_603,53,Female,Hyderabad,customer603@example.com
604,Customer_604,27,Female,Bangalore,customer604@example.com
605,Customer_605,54,Male,Delhi,customer605@example.com
606,Customer_606,26,Female,Hyderabad,customer606@example.com
607,Customer_607,41,Female,Mumbai,customer607@example.com
608,Customer_608,52,Male,Delhi,customer608@example.com
609,Customer_609,66,Female,Bangalore,customer609@example.com
610,Customer_610,52,Female,Hyderabad,customer610@example.com
611,Customer_611,65,Male,Mumbai,customer611@example.com
612,Customer_612,53,Male,Delhi,customer612@example.com
613,Customer_613,35,Male,Mumbai,customer613@example.com
614,Customer_614,66,Female,Bangalore,customer614@example.com
615,Customer_615,56,Female,Mumbai,customer615@example.com
616,Customer_616,49,Female,Chennai,customer616@example.com
617,Customer_617,41,Male,Delhi,customer617@example.com
618,Customer_618,40,Male,Mumbai,customer618@example.com
619,Customer_619,49,Female,Bangalore,customer619@example.com
620,Customer_620,54,Female,Bangalore,customer620@example.com
621,Customer_621,29,Male,Mumbai,customer621@example.com
622,Customer_622,66,Male,Bangalore,customer622@example.com
623,Customer_623,30,Male,Hyderabad,customer623@example.com
624,Customer_624,40,Male,Hyderabad,customer624@example.com
625,Customer_625,42,Female,Hyderabad,customer625@example.com
626,Customer_626,52,Male,Chennai,customer626@example.com
627,Customer_627,58,Female,Mumbai,customer627@example.com
628,Customer_628,47,Female,Chennai,customer628@example.com
629,Customer_629,34,Female,Bangalore,customer629@example.com
630,Customer_630,66,Male,Chennai,customer630@example.com
631,Customer_631,37,Male,Bangalore,customer631@example.com
632,Customer_632,65,Male,Bangalore,customer632@example.com
633,Customer_633,42,Male,Delhi,customer633@example.com
634,Customer_634,39,Female,Hyderabad,customer634@example.com
635,Customer_635,30,Male,Bangalore,customer635@example.com
636,Customer_636,36,Male,Delhi,customer636@example.com
637,Customer_637,66,Female,Hyderabad,customer637@example.com
638,Customer_638,53,Male,Bangalore,customer638@example.com
639,Customer_639,29,Female,Bangalore,customer639@example.com
640,Customer_640,58,Female,Chennai,customer640@example.com
641,Customer_641,36,Female,Chennai,customer641@example.com
642,Customer_642,29,Female,Hyderabad,customer642@example.com
643,Customer_643,26,Female,Bangalore,customer643@example.com
644,Customer_644,24,Female,Mumbai,customer644@example.com
645,Customer_645,45,Female,Chennai,customer645@example.com
646,Customer_646,31,Female,Hyderabad,customer646@example.com
647,Customer_647,48,Male,Bangalore,customer647@example.com
648,Customer_648,69,Male,Bangalore,customer648@example.com
649,Customer_649,36,Male,Mumbai,customer649@example.com
650,Customer_650,64,Male,Hyderabad,customer650@example.com
651,Customer_651,33,Female,Bangalore,customer651@example.com
652,Customer_652,22,Male,Chennai,customer652@example.com
653,Customer_653,52,Female,Mumbai,customer653@example.com
654,Customer_654,29,Male,Hyderabad,customer654@example.com
655,Customer_655,42,Male,Mumbai,customer655@example.com
656,Customer_656,69,Male,Chennai,customer656@example.com
657,Customer_657,38,Female,Hyderabad,customer657@example.com
658,Customer_658,53,Male,Mumbai,customer658@example.com
659,Customer_659,40,Female,Delhi,customer659@example.com
660,Customer_660,33,Female,Chennai,customer660@example.com
661,Customer_661,56,Male,Chennai,customer661@example.com
662,Customer_662,62,Male,Chennai,customer662@example.com
663,Customer_663,59,Male,Delhi,customer663@example.com
664,Customer_664,56,Female,Delhi,customer664@example.com
665,Customer_665,31,Male,Bangalore,customer665@example.com
666,Customer_666,48,Female,Mumbai,customer666@example.com
667,Customer_667,22,Female,Bangalore,customer667@example.com
668,Customer_668,52,Male,Mumbai,customer668@example.com
669,Customer_669,40,Male,Delhi,customer669@example.com
670,Customer_670,46,Female,Delhi,customer670@example.com
671,Customer_671,60,Female,Bangalore,customer671@example.com
672,Customer_672,28,Female,Hyderabad,customer672@example.com
673,Customer_673,35,Male,Bangalore,customer673@example.com
674,Customer_674,64,Female,Mumbai,customer674@example.com
675,Customer_675,29,Male,Bangalore,customer675@example.com
676,Customer_676,26,Female,Chennai,customer676@example.com
677,Customer_677,27,Female,Mumbai,customer677@example.com
678,Customer_678,61,Male,Mumbai,customer678@example.com
679,Customer_679,34,Female,Hyderabad,customer679@example.com
680,Customer_680,55,Male,Delhi,customer680@example.com
681,Customer_681,24,Male,Mumbai,customer681@example.com
682,Customer_682,63,Female,Delhi,customer682@example.com
683,Customer_683,30,Male,Bangalore,customer683@example.com
684,Customer_684,57,Male,Chennai,customer684@example.com
685,Customer_685,59,Female,Hyderabad,customer685@example.com
686,Customer_686,26,Male,Delhi,customer686@example.com
687,Customer_687,67,Male,Mumbai,customer687@example.com
688,Customer_688,44,Male,Delhi,customer688@example.com
689,Customer_689,19,Female,Mumbai,customer689@example.com
690,Customer_690,22,Male,Delhi,customer690@example.com
691,Customer_691,46,Female,Mumbai,customer691@example.com
692,Customer_692,54,Female,Bangalore,customer692@example.com
693,Customer_693,55,Male,Mumbai,customer693@example.com
694,Customer_694,36,Male,Mumbai,customer694@example.com
695,Customer_695,25,Male,Chennai,customer695@example.com
696,Customer_696,65,Female,Mumbai,customer696@example.com
697,Customer_697,62,Male,Chennai,customer697@example.com
698,Customer_698,18,Male,Hyderabad,customer698@example.com
699,Customer_699,39,Male,Chennai,customer699@example.com
700,Customer_700,69,Male,Bangalore,customer700@example.com
701,Customer_701,34,Male,Chennai,customer701@example.com
702,Customer_702,24,Female,Hyderabad,customer702@example.com
703,Customer_703,42,Female,Bangalore,customer703@example.com
704,Customer_704,62,Male,Delhi,customer704@example.com
705,Customer_705,21,Male,Delhi,customer705@example.com
706,Customer_706,53,Male,Chennai,customer706@example.com
707,Customer_707,23,Male,Chennai,customer707@example.com
708,Customer_708,48,Female,Hyderabad,customer708@example.com
709,Customer_709,36,Male,Hyderabad,customer709@example.com
710,Customer_710,61,Female,Mumbai,customer710@example.com
711,Customer_711,56,Female,Hyderabad,customer711@example.com
712,Customer_712,44,Male,Mumbai,customer712@example.com
713,Customer_713,27,Female,Bangalore,customer713@example.com
714,Customer_714,43,Female,Chennai,customer714@example.com
715,Customer_715,36,Female,Bangalore,customer715@example.com
716,Customer_716,56,Female,Hyderabad,customer716@example.com
717,Customer_717,20,Male,Bangalore,customer717@example.com
718,Customer_718,62,Male,Bangalore,customer718@example.com
719,Customer_719,30,Female,Bangalore,customer719@example.com
720,Customer_720,67,Male,Hyderabad,customer720@example.com
721,Customer_721,45,Male,Bangalore,customer721@example.com
722,Customer_722,37,Male,Mumbai,customer722@example.com
723,Customer_723,45,Male,Hyderabad,customer723@example.com
724,Customer_724,25,Male,Bangalore,customer724@example.com
725,Customer_725,58,Female,Hyderabad,customer725@example.com
726,Customer_726,56,Male,Delhi,customer726@example.com
727,Customer_727,18,Male,Mumbai,customer727@example.com
728,Customer_728,20,Male,Bangalore,customer728@example.com
729,Customer_729,30,Male,Delhi,customer729@example.com
730,Customer_730,45,Female,Delhi,customer730@example.com
731,Customer_731,66,Female,Hyderabad,customer731@example.com
732,Customer_732,42,Female,Delhi,customer732@example.com
733,Customer_733,50,Female,Mumbai,customer733@example.com
734,Customer_734,55,Male,Mumbai,customer734@example.com
735,Customer_735,23,Female,Chennai,customer735@example.com
736,Customer_736,61,Male,Mumbai,customer736@example.com
737,Customer_737,62,Male,Delhi,customer737@example.com
738,Customer_738,49,Male,Mumbai,customer738@example.com
739,Customer_739,62,Male,Hyderabad,customer739@example.com
740,Customer_740,64,Male,Chennai,customer740@example.com
741,Customer_741,38,Female,Delhi,customer741@example.com
742,Customer_742,33,Female,Chennai,customer742@example.com
743,Customer_743,38,Female,Delhi,customer743@example.com
744,Customer_744,28,Female,Hyderabad,customer744@example.com
745,Customer_745,54,Male,Chennai,customer745@example.com
746,Customer_746,53,Female,Bangalore,customer746@example.com
747,Customer_747,52,Male,Delhi,customer747@example.com
748,Customer_748,36,Female,Bangalore,customer748@example.com
749,Customer_749,37,Male,Chennai,customer749@example.com
750,Customer_750,35,Male,Bangalore,customer750@example.com
751,Customer_751,64,Female,Bangalore,customer751@example.com
752,Customer_752,58,Male,Chennai,customer752@example.com
753,Customer_753,66,Male,Hyderabad,customer753@example.com
754,Customer_754,31,Female,Bangalore,customer754@example.com
755,Customer_755,32,Male,Bangalore,customer755@example.com
756,Customer_756,48,Female,Hyderabad,customer756@example.com
757,Customer_757,18,Female,Bangalore,customer757@example.com
758,Customer_758,20,Female,Bangalore,customer758@example.com
759,Customer_759,33,Male,Bangalore,customer759@example.com
760,Customer_760,40,Male,Mumbai,customer760@example.com
761,Customer_761,28,Male,Hyderabad,customer761@example.com
762,Customer_762,29,Female,Bangalore,customer762@example.com
763,Customer_763,27,Male,Hyderabad,customer763@example.com
764,Customer_764,49,Female,Delhi,customer764@example.com
765,Customer_765,33,Female,Delhi,customer765@example.com
766,Customer_766,25,Male,Bangalore,customer766@example.com
767,Customer_767,55,Female,Hyderabad,customer767@example.com
768,Customer_768,29,Male,Hyderabad,customer768@example.com
769,Customer_769,41,Male,Hyderabad,customer769@example.com
770,Customer_770,45,Male,Mumbai,customer770@example.com
771,Customer_771,25,Male,Delhi,customer771@example.com
772,Customer_772,45,Male,Hyderabad,customer772@example.com
773,Customer_773,53,Female,Hyderabad,customer773@example.com
774,Customer_774,43,Female,Mumbai,customer774@example.com
775,Customer_775,25,Female,Mumbai,customer775@example.com
776,Customer_776,67,Male,Hyderabad,customer776@example.com
777,Customer_777,45,Male,Chennai,customer777@example.com
778,Customer_778,45,Male,Hyderabad,customer778@example.com
779,Customer_779,54,Female,Hyderabad,customer779@example.com
780,Customer_780,58,Male,Mumbai,customer780@example.com
781,Customer_781,53,Female,Mumbai,customer781@example.com
782,Customer_782,44,Female,Hyderabad,customer782@example.com
783,Customer_783,34,Male,Hyderabad,customer783@example.com
784,Customer_784,26,Male,Hyderabad,customer784@example.com
785,Customer_785,50,Female,Mumbai,customer785@example.com
786,Customer_786,37,Male,Hyderabad,customer786@example.com
787,Customer_787,30,Female,Hyderabad,customer787@example.com
788,Customer_788,45,Male,Bangalore,customer788@example.com
789,Customer_789,65,Male,Chennai,customer789@example.com
790,Customer_790,46,Female,Delhi,customer790@example.com
791,Customer_791,30,Male,Chennai,customer791@example.com
792,Customer_792,63,Female,Bangalore,customer792@example.com
793,Customer_793,52,Male,Delhi,customer793@example.com
794,Customer_794,23,Female,Hyderabad,customer794@example.com
795,Customer_795,35,Female,Bangalore,customer795@example.com
796,Customer_796,68,Male,Hyderabad,customer796@example.com
797,Customer_797,22,Female,Mumbai,customer797@example.com
798,Customer_798,64,Male,Bangalore,customer798@example.com
799,Customer_799,42,Male,Mumbai,customer799@example.com
800,Customer_800,19,Male,Bangalore,customer800@example.com
801,Customer_801,27,Female,Bangalore,customer801@example.com
802,Customer_802,47,Female,Mumbai,customer802@example.com
803,Customer_803,67,Male,Delhi,customer803@example.com
804,Customer_804,62,Male,Chennai,customer804@example.com
805,Customer_805,22,Female,Hyderabad,customer805@example.com
806,Customer_806,50,Male,Bangalore,customer806@example.com
807,Customer_807,18,Male,Hyderabad,customer807@example.com
808,Customer_808,35,Female,Mumbai,customer808@example.com
809,Customer_809,49,Male,Hyderabad,customer809@example.com
810,Customer_810,64,Female,Mumbai,customer810@example.com
811,Customer_811,66,Male,Hyderabad,customer811@example.com
812,Customer_812,28,Female,Chennai,customer812@example.com
813,Customer_813,38,Male,Chennai,customer813@example.com
814,Customer_814,43,Male,Chennai,customer814@example.com
815,Customer_815,42,Female,Chennai,customer815@example.com
816,Customer_816,39,Male,Chennai,customer816@example.com
817,Customer_817,44,Female,Chennai,customer817@example.com
818,Customer_818,66,Male,Mumbai,customer818@example.com
819,Customer_819,30,Female,Bangalore,customer819@example.com
820,Customer_820,50,Female,Hyderabad,customer820@example.com
821,Customer_821,51,Female,Chennai,customer821@example.com
822,Customer_822,58,Female,Mumbai,customer822@example.com
823,Customer_823,52,Male,Mumbai,customer823@example.com
824,Customer_824,18,Male,Mumbai,customer824@example.com
825,Customer_825,38,Female,Bangalore,customer825@example.com
826,Customer_826,65,Female,Hyderabad,customer826@example.com
827,Customer_827,23,Female,Bangalore,customer827@example.com
828,Customer_828,45,Male,Delhi,customer828@example.com
829,Customer_829,34,Male,Mumbai,customer829@example.com
830,Customer_830,22,Male,Delhi,customer830@example.com
831,Customer_831,48,Male,Chennai,customer831@example.com
832,Customer_832,22,Female,Chennai,customer832@example.com
833,Customer_833,55,Female,Bangalore,customer833@example.com
834,Customer_834,20,Female,Hyderabad,customer834@example.com
835,Customer_835,40,Male,Delhi,customer835@example.com
836,Customer_836,54,Male,Hyderabad,customer836@example.com
837,Customer_837,54,Male,Bangalore,customer837@example.com
838,Customer_838,27,Female,Chennai,customer838@example.com
839,Customer_839,27,Female,Hyderabad,customer839@example.com
840,Customer_840,36,Male,Hyderabad,customer840@example.com
841,Customer_841,34,Female,Chennai,customer841@example.com
842,Customer_842,38,Male,Delhi,customer842@example.com
843,Customer_843,31,Male,Chennai,customer843@example.com
844,Customer_844,26,Female,Hyderabad,customer844@example.com
845,Customer_845,63,Male,Delhi,customer845@example.com
846,Customer_846,18,Female,Delhi,customer846@example.com
847,Customer_847,68,Male,Chennai,customer847@example.com
848,Customer_848,62,Female,Hyderabad,customer848@example.com
849,Customer_849,30,Female,Bangalore,customer849@example.com
850,Customer_850,21,Female,Hyderabad,customer850@example.com
851,Customer_851,18,Male,Mumbai,customer851@example.com
852,Customer_852,66,Male,Bangalore,customer852@example.com
853,Customer_853,57,Female,Delhi,customer853@example.com
854,Customer_854,49,Female,Bangalore,customer854@example.com
855,Customer_855,51,Male,Delhi,customer855@example.com
856,Customer_856,45,Male,Delhi,customer856@example.com
857,Customer_857,48,Male,Bangalore,customer857@example.com
858,Customer_858,25,Female,Delhi,customer858@example.com
859,Customer_859,56,Male,Delhi,customer859@example.com
860,Customer_860,43,Male,Mumbai,customer860@example.com
861,Customer_861,51,Female,Hyderabad,customer861@example.com
862,Customer_862,20,Male,Hyderabad,customer862@example.com
863,Customer_863,67,Male,Mumbai,customer863@example.com
864,Customer_864,29,Male,Bangalore,customer864@example.com
865,Customer_865,18,Female,Chennai,customer865@example.com
866,Customer_866,61,Female,Chennai,customer866@example.com
867,Customer_867,22,Female,Chennai,customer867@example.com
868,Customer_868,47,Female,Mumbai,customer868@example.com
869,Customer_869,47,Female,Mumbai,customer869@example.com
870,Customer_870,34,Female,Delhi,customer870@example.com
871,Customer_871,65,Female,Chennai,customer871@example.com
872,Customer_872,64,Male,Bangalore,customer872@example.com
873,Customer_873,40,Male,Bangalore,customer873@example.com
874,Customer_874,32,Female,Chennai,customer874@example.com
875,Customer_875,54,Male,Chennai,customer875@example.com
876,Customer_876,38,Male,Chennai,customer876@example.com
877,Customer_877,31,Female,Mumbai,customer877@example.com
878,Customer_878,19,Male,Mumbai,customer878@example.com
879,Customer_879,28,Male,Mumbai,customer879@example.com
880,Customer_880,68,Male,Hyderabad,customer880@example.com
881,Customer_881,56,Male,Bangalore,customer881@example.com
882,Customer_882,55,Male,Bangalore,customer882@example.com
883,Customer_883,51,Female,Delhi,customer883@example.com
884,Customer_884,55,Female,Mumbai,customer884@example.com
885,Customer_885,67,Female,Hyderabad,customer885@example.com
886,Customer_886,51,Male,Hyderabad,customer886@example.com
887,Customer_887,35,Female,Bangalore,customer887@example.com
888,Customer_888,47,Male,Mumbai,customer888@example.com
889,Customer_889,32,Male,Delhi,customer889@example.com
890,Customer_890,44,Male,Mumbai,customer890@example.com
891,Customer_891,68,Male,Chennai,customer891@example.com
892,Customer_892,51,Female,Mumbai,customer892@example.com
893,Customer_893,69,Female,Chennai,customer893@example.com
894,Customer_894,55,Male,Chennai,customer894@example.com
895,Customer_895,50,Female,Delhi,customer895@example.com
896,Customer_896,41,Male,Bangalore,customer896@example.com
897,Customer_897,32,Female,Mumbai,customer897@example.com
898,Customer_898,47,Female,Chennai,customer898@example.com
899,Customer_899,59,Male,Mumbai,customer899@example.com
900,Customer_900,68,Female,Bangalore,customer900@example.com
901,Customer_901,34,Male,Bangalore,customer901@example.com
902,Customer_902,22,Female,Hyderabad,customer902@example.com
903,Customer_903,46,Male,Bangalore,customer903@example.com
904,Customer_904,21,Male,Delhi,customer904@example.com
905,Customer_905,27,Female,Chennai,customer905@example.com
906,Customer_906,34,Female,Hyderabad,customer906@example.com
907,Customer_907,27,Male,Delhi,customer907@example.com
908,Customer_908,34,Female,Mumbai,customer908@example.com
909,Customer_909,37,Female,Chennai,customer909@example.com
910,Customer_910,41,Male,Bangalore,customer910@example.com
911,Customer_911,22,Male,Chennai,customer911@example.com
912,Customer_912,51,Female,Mumbai,customer912@example.com
913,Customer_913,23,Male,Hyderabad,customer913@example.com
914,Customer_914,19,Male,Hyderabad,customer914@example.com
915,Customer_915,30,Male,Hyderabad,customer915@example.com
916,Customer_916,60,Female,Bangalore,customer916@example.com
917,Customer_917,60,Female,Delhi,customer917@example.com
918,Customer_918,65,Male,Delhi,customer918@example.com
919,Customer_919,28,Female,Chennai,customer919@example.com
920,Customer_920,68,Male,Bangalore,customer920@example.com
921,Customer_921,64,Female,Hyderabad,customer921@example.com
922,Customer_922,40,Male,Hyderabad,customer922@example.com
923,Customer_923,33,Male,Mumbai,customer923@example.com
924,Customer_924,48,Female,Mumbai,customer924@example.com
925,Customer_925,28,Male,Hyderabad,customer925@example.com
926,Customer_926,33,Female,Hyderabad,customer926@example.com
927,Customer_927,25,Female,Bangalore,customer927@example.com
928,Customer_928,21,Male,Delhi,customer928@example.com
929,Customer_929,57,Male,Mumbai,customer929@example.com
930,Customer_930,21,Female,Delhi,customer930@example.com
931,Customer_931,42,Male,Bangalore,customer931@example.com
932,Customer_932,20,Male,Hyderabad,customer932@example.com
933,Customer_933,49,Male,Delhi,customer933@example.com
934,Customer_934,20,Male,Hyderabad,customer934@example.com
935,Customer_935,44,Male,Hyderabad,customer935@example.com
936,Customer_936,46,Female,Chennai,customer936@example.com
937,Customer_937,49,Female,Delhi,customer937@example.com
938,Customer_938,67,Male,Delhi,customer938@example.com
939,Customer_939,68,Male,Hyderabad,customer939@example.com
940,Customer_940,36,Male,Bangalore,customer940@example.com
941,Customer_941,38,Female,Chennai,customer941@example.com
942,Customer_942,22,Male,Hyderabad,customer942@example.com
943,Customer_943,35,Female,Mumbai,customer943@example.com
944,Customer_944,45,Female,Mumbai,customer944@example.com
945,Customer_945,59,Female,Chennai,customer945@example.com
946,Customer_946,39,Male,Bangalore,customer946@example.com
947,Customer_947,38,Female,Hyderabad,customer947@example.com
948,Customer_948,23,Male,Delhi,customer948@example.com
949,Customer_949,18,Female,Chennai,customer949@example.com
950,Customer_950,22,Male,Bangalore,customer950@example.com
951,Customer_951,58,Female,Delhi,customer951@example.com
952,Customer_952,29,Male,Mumbai,customer952@example.com
953,Customer_953,43,Female,Mumbai,customer953@example.com
954,Customer_954,63,Male,Delhi,customer954@example.com
955,Customer_955,51,Male,Chennai,customer955@example.com
956,Customer_956,66,Male,Mumbai,customer956@example.com
957,Customer_957,31,Male,Hyderabad,customer957@example.com
958,Customer_958,43,Female,Delhi,customer958@example.com
959,Customer_959,62,Female,Delhi,customer959@example.com
960,Customer_960,44,Male,Mumbai,customer960@example.com
961,Customer_961,26,Female,Chennai,customer961@example.com
962,Customer_962,43,Male,Hyderabad,customer962@example.com
963,Customer_963,64,Male,Chennai,customer963@example.com
964,Customer_964,39,Female,Bangalore,customer964@example.com
965,Customer_965,64,Male,Bangalore,customer965@example.com
966,Customer_966,47,Male,Mumbai,customer966@example.com
967,Customer_967,60,Female,Mumbai,customer967@example.com
968,Customer_968,65,Male,Mumbai,customer968@example.com
969,Customer_969,34,Male,Bangalore,customer969@example.com
970,Customer_970,43,Male,Chennai,customer970@example.com
971,Customer_971,53,Male,Chennai,customer971@example.com
972,Customer_972,18,Female,Mumbai,customer972@example.com
973,Customer_973,25,Female,Hyderabad,customer973@example.com
974,Customer_974,66,Female,Chennai,customer974@example.com
975,Customer_975,52,Male,Bangalore,customer975@example.com
976,Customer_976,69,Male,Delhi,customer976@example.com
977,Customer_977,32,Female,Delhi,customer977@example.com
978,Customer_978,64,Male,Delhi,customer978@example.com
979,Customer_979,39,Male,Hyderabad,customer979@example.com
980,Customer_980,31,Male,Mumbai,customer980@example.com
981,Customer_981,43,Male,Bangalore,customer981@example.com
982,Customer_982,45,Female,Hyderabad,customer982@example.com
983,Customer_983,40,Female,Bangalore,customer983@example.com
984,Customer_984,31,Female,Bangalore,customer984@example.com
985,Customer_985,41,Male,Mumbai,customer985@example.com
986,Customer_986,19,Female,Delhi,customer986@example.com
987,Customer_987,62,Female,Mumbai,customer987@example.com
988,Customer_988,43,Male,Hyderabad,customer988@example.com
989,Customer_989,31,Male,Hyderabad,customer989@example.com
990,Customer_990,68,Female,Hyderabad,customer990@example.com
991,Customer_991,24,Female,Mumbai,customer991@example.com
992,Customer_992,20,Female,Bangalore,customer992@example.com
993,Customer_993,64,Female,Bangalore,customer993@example.com
994,Customer_994,40,Male,Chennai,customer994@example.com
995,Customer_995,63,Female,Hyderabad,customer995@example.com
996,Customer_996,60,Female,Bangalore,customer996@example.com
997,Customer_997,64,Male,Chennai,customer997@example.com
998,Customer_998,62,Female,Bangalore,customer998@example.com
999,Customer_999,35,Male,Hyderabad,customer999@example.com
1000,Customer_1000,55,Male,Delhi,customer1000@example.com
